AssessmentName,QuestionNumber,Subject[0].subjectId,Subject[0].subjectName,GradeLevel,ContentSubType,ContentSubSubType,QuestionText,Rubrics[0].score,Rubrics[1].score,Rubrics[2].score,Rubrics[3].score,Rubrics[0].criteria,Rubrics[1].criteria,Rubrics[2].criteria,Rubrics[3].criteria,Rubrics[0].rubricId,Rubrics[1].rubricId,Rubrics[2].rubricId,Rubrics[3].rubricId,Skills[0].skillId,Skills[1].skillId,Skills[2].skillId,Skills[0].skillName,Skills[1].skillName,Skills[2].skillName
Grade 6 — English,1,3,English,6,openEnded,shortAnswer,Where did she find the old book?,1,,,,"Correctly identifies that she found the old book in the attic. (Accept: 'in the attic', 'attic', 'Riya found the book in the attic')",,,,WsCMTtynFsjE-uNZHuB2_,,,,1,,,Reading Comprehension,,
Grade 6 — English,2,3,English,6,openEnded,shortAnswer,Who lived inside the book?,1,,,,"Correctly states that a magical fairy lived inside the book. (Accept: 'a magical fairy', 'fairy')",,,,oJUSKq71P5tomTNtVmvCX,,,,1,,,Reading Comprehension,,
Grade 6 — English,3,3,English,6,openEnded,shortAnswer,What did Riya love to do in the evening?,1,,,,"States that Riya loved to read books in the evening. (Accept: 'read books', 'read her story book', 'Riya loved reading in the evening')",,,,cUH96RyXgqUtlhFnuzu6J,,,,1,,,Reading Comprehension,,
Grade 6 — English,4,3,English,6,openEnded,shortAnswer,"Find a word in the passage that means ""shining brightly"".",1,,,,Writes 'glowing' as the word from the passage that means shining brightly. (Accept: 'glowing'),,,,fCOSei-WK5_ZnZL6cZDl0,,,,523,,,Vocabulary,,
Grade 6 — English,5,3,English,6,openEnded,shortAnswer,"Based on the poem, what is the most important thing to the poet?",1.5,,,,Mentions relevant phrases from the poem reflecting agreement with themes such as value of friendship or being blessed with friends. Award full marks if the overall theme is mentioned without explicitly mentioning evidence.,,,,zeE8lJxnb-Hw2KIa8DUY7,,,,526,,,Understanding Stories and Poems,,
Grade 6 — English,6,3,English,6,openEnded,shortAnswer,Which line from the poem do you like the most and why?,1.5,,,,Denotes a line from the poem and mentions why.,,,,jjEf5hLHutqjEYkmeCv2J,,,,526,,,Understanding Stories and Poems,,
Grade 6 — English,7,3,English,6,multipleChoice,tickmark,She __________ (go) to school every morning.,1,,,,Writes 'goes' for 'Rohan ___ (go) to school every day' and 'stayed' for 'he ___ (stay) at home.' (Both must be correct to get 1 mark),,,,m4rMIPkvy1gcHcjRIUghQ,,,,524,,,Building Correct Sentences and Using Proper Grammar,,
Grade 6 — English,8,3,English,6,openEnded,shortAnswer,Rearrange the words to make a meaningful sentence:\nbook/reading/a/is/he,1,,,,Arranges words into 'He is reading a book.' (subject-verb-object format),,,,gcQG0ONRO1GS_tfahdUAb,,,,524,,,Building Correct Sentences and Using Proper Grammar,,
Grade 6 — English,9,3,English,6,openEnded,shortAnswer,Rewrite the sentence using correct punctuation.\nriya and her friend meena went to the market on sunday.,1,,,,Rewrites the sentence as 'Riya and her friend Meena went to the market on Sunday.' with correct capitalization and punctuation.,,,,kKRnIFnxjo-JWh33z4HAo,,,,524,,,Building Correct Sentences and Using Proper Grammar,,
Grade 6 — English,10,3,English,6,openEnded,shortAnswer,Choose the correct word. There are (some/any) apples in the basket.,1,,,,Selects 'some' as the correct word for the sentence.,,,,w8Q320UZY93FhfxytDjzC,,,,524,,,Building Correct Sentences and Using Proper Grammar,,
Grade 6 — English,11,3,English,6,openEnded,shortAnswer,Identify the verb phrase in the sentence:\nThe children are playing football.,1,,,,Identifies 'are playing' as the verb phrase,,,,GhVWe4Msn3qbH55wW5pNr,,,,524,,,Building Correct Sentences and Using Proper Grammar,,
Grade 6 — English,12,3,English,6,openEnded,shortAnswer,"The opposite of ""up"" is?",1,,,,Writes the correct opposite of 'up' as 'down' (1 mark),,,,2Uy5tF8KahYLA081_XmJd,,,,523,,,Vocabulary,,
Grade 6 — English,13,3,English,6,openEnded,shortAnswer,"The opposite of ""slow"" is?",1,,,,Writes the correct opposite of 'slow' as 'fast' (1 mark),,,,VxQ4vd37xDa_XR3Vd-yrq,,,,523,,,Vocabulary,,
Grade 6 — English,14,3,English,6,openEnded,shortAnswer,Imagine you are a bird. Write one sentence about your day.,1,,,,"Writes a clear, creative, and grammatically correct sentence from the perspective of a bird.",,,,gHb9dclqVPGF2i7n33EfP,,,,525,,,Writing Clear and Organized Ideas,,
Grade 6 — English,15,3,English,6,openEnded,shortAnswer,Write two sentences about your best friend.,1,,,,Writes two relevant and grammatically correct sentences describing the best friend.,,,,WMS562Gdk1qGTi5oW5eDQ,,,,525,,,Writing Clear and Organized Ideas,,
Grade 6 — English,16,3,English,6,openEnded,shortAnswer,"Write a short paragraph (6-8 lines) on ""My favorite season."" Talk about what you like to do, what you eat or wear, and why you like it.",1,2,1,,"Names the favorite season (such as 'winter', 'summer', 'monsoon', or 'spring'). (1 mark)",Writes anything about this season and related to it. Award full 2 marks for this rubric if anything related to the season is mentioned.,Clearly explains why that season is their favorite.,,kxqhrcjviewIXZpxH2TZY,6aow8odWcOyyM9gJdz7DE,0Q4fn4SiCooKYYwCSBwOa,,525,,,Writing Clear and Organized Ideas,,
Grade 6 — Maths,1,1,Mathematics,6,openEnded,shortAnswer,Write all the factors of 68.,1,,,,"For listing all the correct factors: 1, 2, 4, 17, 34, 68. (The order of the numbers does not matter).",,,,YjJ1hQrXsXX92hXcIKIVE,,,,484,,,Understanding and Using Number Properties,,
Grade 6 — Maths,2,1,Mathematics,6,openEnded,shortAnswer,What is the place value of 5 in 7560?,1,,,,For the correct answer of 500 or Hundreds.,,,,mtL3_5Sr2rA1B0WjH7gtv,,,,485,,,Understanding and Ordering Numbers,,
Grade 6 — Maths,3,1,Mathematics,6,openEnded,shortAnswer,"Arrange in ascending order: `3367, 5492, 736, 4799`",0.5,0.5,,,For correctly identifying the smallest number (736) and placing it first.,"For correctly arranging the remaining three numbers in ascending order after the first one (3367, 4799, 5492).",,,JoNwR6on-OQo2fBJPxUi7,YYdiD9QBrjNTfPba5cIqn,,,485,,,Understanding and Ordering Numbers,,
Grade 6 — Maths,4,1,Mathematics,6,openEnded,shortAnswer,"Find the Least Common Multiple (L.C.M.) of 12, 15, and 20.",1,1,,,"Demonstrates a correct method for finding the LCM (e.g., prime factorization or common division method).","Calculates the correct LCM, which is 60.",,,PghexN4DH874uzht75Xx2,SLgLMDoDhamipt6xx5LHE,,,484,487,,Understanding and Using Number Properties,Solving Problems with Numbers,
Grade 6 — Maths,5,1,Mathematics,6,openEnded,shortAnswer,What is the sum of the smallest and largest 5-digit palindrome? Write their difference also.,1,1,,,"For correctly calculating the sum.\n(Smallest 5-digit palindrome = 10,001; Largest = 99,999)\nSum = 10,001 + 99,999 = 110,000","For correctly calculating the difference.\nDifference = 99,999 - 10,001 = 89,998",,,Sw-FHUPHxgoeQCNV0A1Me,OyaEwquFUy3EsRZv6AUbZ,,,484,487,,Understanding and Using Number Properties,Solving Problems with Numbers,
Grade 6 — Maths,6,1,Mathematics,6,openEnded,shortAnswer,You are given a rectangle whose length is `5` cm and width is `4` cm and a square whose side is `5` cm. Which of the two will have greater area and by how much?,1,1,,,Calculates area of rectangle as `5 * 4 = 20 sq.cm` and area of square as `5 * 5 = 25 sq.cm`.,"Identifies that the square has greater area by `5 sq.cm`, with a difference of 1 cm².",,,XhoCYn1UYYqmE2jwHuk3g,sy2HZmY4YoKh4tJS8tGYE,,,486,487,44,Understanding Shapes and Measurement,Solving Problems with Numbers,Perimeter and Area
Grade 6 — Maths,7,1,Mathematics,6,openEnded,shortAnswer,"At `10` am in the morning, the temperature of Jodhpur was `30^0 C`. If the temperature increases by `2^0 C` per hour, then what will be the temperature of Jodhpur at 4:00 in the evening?",1,1,,,Calculates the time elapsed from `10:00` am to `4:00` pm as `6` hours.,Finds total temperature increase: `6 * 2 = 12`; Final temperature: `30 + 12 = 42^0 C`.,,,lGmk_Vg3Xgi3GoLW6c52u,OF0IC_SsKKy-G4qxSEp8e,,,487,,,Solving Problems with Numbers,,
Grade 6 — Maths,8,1,Mathematics,6,openEnded,shortAnswer,A rectangle has a length of `15` cm and a breadth of `8` cm. Find its area and perimeter.,1,1,,,Correctly calculates the area as 120 sq. cm (or 120 cm²).,Correctly calculates the perimeter as 46 cm.,,,kOPpgDjFUoDRPJx0BYRaa,6UcKQFW3NVrtv4MVPL0-o,,,486,487,44,Understanding Shapes and Measurement,Solving Problems with Numbers,Perimeter and Area
Grade 6 — Maths,9,1,Mathematics,6,openEnded,shortAnswer,Find the angle `x` in the given figure.,0.5,0.5,,,Finds the angle C of the triangle to be 80 degrees,Correctly calculates x as 180 - 80 = 100 degrees,,,4V75a88D4eIK4LTQuUou0,-2we0mwezmdUspU04-GVb,,,486,487,40,Understanding Shapes and Measurement,Solving Problems with Numbers,Lines and Angles
Grade 6 — Maths,10,1,Mathematics,6,openEnded,shortAnswer,Use a protractor to draw angle having the following angles - a) 110° and b) 40°,1,1,,,For correctly drawing 110° angle.,For correctly drawing 40° angle.,,,N9EnDbPbGLAQ536HKAWkO,C86GWDat3hGCeavtXWuZu,,,486,40,,Understanding Shapes and Measurement,Lines and Angles,
Grade 6 — Maths,11,1,Mathematics,6,openEnded,shortAnswer,A shopkeeper has two bags of fertiliser with weights of `75` kg and `69` kg. Find the maximum value of a weight that can measure the weight of the fertiliser in both bags an exact number of times.,0.5,1,0.5,,Correctly identifies that the problem requires finding the Highest Common Factor (HCF) of 75 and 69.,Shows the correct procedure for calculating the HCF of 75 and 69.,Provides the final correct answer of 3 kg.,,dRKffsZzds4D7286YqOub,uqyuzRP_LmX2_XhZS8DmY,LmFHXlSXovlFJQdnfKGa4,,484,487,,Understanding and Using Number Properties,Solving Problems with Numbers,
Grade 6 — Maths,12,1,Mathematics,6,openEnded,shortAnswer,A student has `112` pencils and `10` empty boxes. What is the minimum number of pencils required to put equal number of pencils in each box? Also find how many pencils are there in each box.,0.5,0.5,1,,Finds how many pencils would go into each box with the current total: 112 ÷ 10 = 11 remainder 2 (or recognises remainder).,Works out the minimum number of extra pencils needed to make the total divisible by 10 (i.e. add 8 pencils to get 120 pencils).,States correctly how many pencils will then be in each box (120 ÷ 10 = 12 pencils per box).,,JiKl1UBFj7KaSu1uKtQDU,cuN2v_qhL25GSK9KvwYS2,zYugDBQMJa2AzoPA4nrmD,,487,,,Solving Problems with Numbers,,
Grade 6 — Science,1,2,Science,6,openEnded,shortAnswer,What will you observe when the North pole of one bar magnet is brought near the North pole of another bar magnet?,1,,,,Correctly states that the magnets will push away or repel each other.,,,,DWwA2ZoPSrhEfaNQAYQnY,,,,491,,,Understanding how magnets work,,
Grade 6 — Science,2,2,Science,6,openEnded,shortAnswer,Name the process through which plants make their own food and identify the plant part that is known as its 'kitchen'.,0.5,0.5,,,Correctly names the process as Photosynthesis.,Correctly identifies the plant part as the Leaf.,,,tqD1XSAUAWd78hYE-TGTe,z0p8-aGu8jsL-XiLggk7V,,,535,,,Understanding Living Organisms and Life Processes,,
Grade 6 — Science,3,2,Science,6,openEnded,shortAnswer,Differentiate between living and non-living things by providing two key characteristics for each.,0.5,0.5,1,,"Provides one valid characteristic of living things (e.g., they grow, breathe/respire, reproduce, need food).","Provides a second, different valid characteristic of living things.","Correctly contrasts the two chosen characteristics by stating their absence in non-living things (e.g., they do not grow, they do not respire).",,WhKnAWMY0HkwvrUe56VN3,eDvFNSsOgvmnxF67-RWOT,UTviy3rs-17akIQMYWerv,,535,,,Understanding Living Organisms and Life Processes,,
Grade 6 — Science,4,2,Science,6,openEnded,shortAnswer,"During summer, people prefer to wear cotton clothes. Explain this preference by describing one property of cotton that makes it suitable for hot weather.",1,1,,,"Identifies a correct property of cotton (e.g., good absorber of water/sweat, OR it is porous/allows air to pass through).","Correctly explains how this property helps keep the body cool (e.g., it absorbs sweat which then evaporates, causing a cooling effect).",,,7S4S7WpeekWv_1xAD0Z1H,z0HK3m9GkoSzqMhM-x7Ck,,,500,502,,Understanding Properties and Changes of Materials,Applying Science to Everyday Life,
Grade 6 — Science,5,2,Science,6,openEnded,shortAnswer,Describe the simple procedure to test for the presence of starch in a potato slice and state the final observation that confirms starch is present.,1,1,,,For explaining the test involves putting iodine (or iodine solution) on the potato.,"For correctly stating that if starch is present, the potato will turn dark blue / black / blue-black (or a very dark color).",,,SoO5ODH65r7XYtfW9u4Hw,nUCTLSwKW1rgxsMCphJxE,,,496,,,Making Healthy Food Choices and Identifying Food Components,,
Grade 6 — Science,6,2,Science,6,openEnded,shortAnswer,Explain adaptations in desert plants.,1,1,,,"For clearly describing one way a desert plant is specially built or behaves to either save water (e.g., small leaves, thick skin, storing water) or get water (e.g., long roots, wide roots, deep roots and not shallow).","For clearly describing a second, different way a desert plant is specially built or behaves to survive in the desert (e.g., another method of water management, or a way to handle heat, or protect itself from animals).",,,_pvkR8oUU0VAdV8FebXPK,jpsYmyyqovppnjw7fzhRl,,,535,,,Understanding Living Organisms and Life Processes,,
Grade 6 — Science,7,2,Science,6,openEnded,shortAnswer,Kartik's food chart shows that he has ate a lot of fruits and vegetables but no milk. What is missing in his diet? Prepare diet chart for growing children of your age.,1,1,,,"For correctly identifying ""milk"" (or dairy products/calcium) as the missing component in Kartik's diet.","Prepare an age-appropriate balanced diet chart for growing children, mentioning food groups (such as dairy, fruits, vegetables, protein, cereals, etc.). Award marks if two or more of these food groups are mentioned.",,,U08KI5Yu7ETqpEUfNRDP4,up91Xh9Uk5_EZIQFH-dU1,,,496,,,Making Healthy Food Choices and Identifying Food Components,,
Grade 6 — Science,8,2,Science,6,openEnded,shortAnswer,A plant show stunted growth and yellowing of leaves. What can you infer from this evidence about plant needs? Explain.,1,1,,,For inferring that the plant is likely experiencing a deficiency of nutrients/minerals (especially nitrogen) OR is lacking sufficient sunlight OR water. Award marks if any of this is mentioned.,"For briefly explaining how this deficiency/lack leads to the observed symptoms (e.g., lack of nitrogen/sunlight impairs chlorophyll production causing yellowing; lack of nutrients/water hinders overall growth causing stuntedness). Award marks if any of these caused of these evidence is mentioned.",,,cywBbQKS_n2AbGT0zCwAt,QHhXPSNEbstLCXgStkWTx,,,535,,,Understanding Living Organisms and Life Processes,,
Grade 6 — Science,9,2,Science,6,openEnded,shortAnswer,Vitamins and minerals are essential for our health. \n(a) Explain why they are often called 'protective foods'. \n(b) Name one disease caused by the deficiency of a vitamin and one disease caused by the deficiency of a mineral.,1,1,1,,For (a): Correctly explains that they are called 'protective foods' because they help our body fight against diseases and keep us healthy.,"For (b): Names a correct disease caused by vitamin deficiency (e.g., Scurvy - Vit C, Night blindness - Vit A, Rickets - Vit D).","For (b): Names a correct disease caused by mineral deficiency (e.g., Goitre - Iodine, Anaemia - Iron).",,PPwsW5aplUVzgSX0_SJSu,XuQ28_cMaY9dIGBDiVApZ,55I3Z2gDxtfZmvHyhdck6,,496,,,Making Healthy Food Choices and Identifying Food Components,,
Grade 6 — Science,10,2,Science,6,openEnded,shortAnswer,"A student observed the growth of a plant under three different conditions for 10 days. The data is in the table below. Look at the data and answer the questions: \n(a) Which condition is the most favourable for the plant's growth? \n(b) Explain why the growth is least in darkness. \n(c) Name the biological process that is hindered in darkness, causing this poor growth.",1,1,1,,For (a): Correctly identifies 'Full Sunlight' based on the data table.,"For (b): Provides a clear explanation linking darkness to the plant's inability to make food, which is necessary for growth.",For (c): Correctly names the process as 'Photosynthesis'.,,VA5d_PUFvFIEBv2X7kjve,Y4eDiAG9bgaCPUyhQNkpa,QivntHbTAglxp_WTO-_eg,,535,,,Understanding Living Organisms and Life Processes,,
Grade 6 — Social Science,1,18,Social Science,6,openEnded,shortAnswer,Name any two major mountain ranges located in India.,0.5,0.5,,,"Names one correct mountain range (e.g., Himalayas, Aravalli, Vindhya, Satpura, Western Ghats, Eastern Ghats).",Names a second correct mountain range.,,,d4vFZvkAqHb5Ea_GE1RK_,Wu6IAcI0HtiWFGT8Qx88c,,,518,,,Understanding Natural Environment & Resources,,
Grade 6 — Social Science,2,18,Social Science,6,openEnded,shortAnswer,Name any two famous kings from the medieval period of Rajasthan.,0.5,0.5,,,"Names one correct king (e.g., Maharana Pratap, Prithviraj Chauhan, Rana Sanga, Raja Man Singh, Rana Kumbha).",Names a second correct king.,,,IvfaR6gnRyGCVZYDV1ed6,sX_tR3-WrwmL4_ZTXKpK9,,,510,,,Exploring Historical Places and Events,,
Grade 6 — Social Science,3,18,Social Science,6,openEnded,shortAnswer,Which festival of Rajasthan is celebrated in this picture? And please describe how people celebrate it?,0.5,0.5,,,For correctly identifying festival name as Gangaur or Dhinga Gavar.,For correctly stating celebration ritual for the gangaur festival.,,,Y6AIUUuQsYXi_n2o-k982,m6AO10S5Z00N6auIbm3JA,,,536,,,Appreciating India's Cultural and Historical Heritage,,
Grade 6 — Social Science,4,18,Social Science,6,openEnded,shortAnswer,Name the one major landforms found in Rajasthan and briefly describe it.,0.5,0.5,,,Correctly names the one major landforms: The Thar Desert (or Marusthali) or the Aravalli Range.,"Provides a brief, accurate description of one of them (e.g., for Thar Desert: 'It is a large, sandy and dry region with very little rainfall.' OR for Aravalli Range: 'It is an old mountain range that runs through the state and affects its climate').",,,K_X6LMOfhMdpyreBBldFJ,x9G94vu5jhdbSu57JgqTB,,,518,,,Understanding Natural Environment & Resources,,
Grade 6 — Social Science,5,18,Social Science,6,openEnded,shortAnswer,What was the main occupation of people during the Vedic period? Describe one key aspect of this occupation.,1,1,,,For correctly identifying the main occupation as either pastoralism / cattle rearing / animal husbandry OR farming / agriculture.,"For accurately describing one key aspect specific to the chosen occupation (e.g., if pastoralism: cattle as wealth/nomadic life; if farming: cultivation of crops/settled life, etc).",,,iHSuHMn21epyI59QYkfyR,FXFZuWg5yyHbIEJ0M7f-q,,,517,,,Understanding Early Civilizations,,
Grade 6 — Social Science,6,18,Social Science,6,openEnded,shortAnswer,Differentiate between archaeological sources and literary sources of history by giving one example for each.,1,1,,,"For defining archaeological sources as physical remains/material evidence (e.g., objects, structures, ruins, inscriptions on stone)\nAND providing a correct example (e.g., pottery, coins, inscriptions, monuments, tools).","For defining literary sources as written accounts/texts (e.g., manuscripts, books, chronicles)\nAND providing a correct example (e.g., Vedas, Puranas, manuscripts, books, travelogues).",,,044d2b5e-252c-49da-a643-86cedc472105,60032acf-9b74-4aea-b0e6-6ce1e16146b6,,,517,,,Understanding Early Civilizations,,
Grade 6 — Social Science,7,18,Social Science,6,openEnded,shortAnswer,Mention any two natural resources found in Rajasthan and explain how one of them influences the lives of the people there.,1,1,,,"Mentions two correct natural resources (e.g., water, Marble, Copper, Sandstone, Gypsum, mica, limestone, zinc, salt, Sunlight for solar energy, Wind for wind energy).","For accurately explaining how one of the mentioned resources influences the lives of the people (e.g., water scarcity impacting agriculture/daily life/conservation; minerals providing employment/industry/economic impact).",,,PN8Dd48ZCunQyHEOiqCL7,2HUL_Z578QL9h4-Gideyr,,,518,,,Understanding Natural Environment & Resources,,
Grade 6 — Social Science,8,18,Social Science,6,openEnded,shortAnswer,Name any two rights of children in India and explain the importance of one of them.,1,1,,,"For correctly identifying any two distinct rights pertaining to children in India, recognizing both formal legal rights and commonly understood fundamental entitlements for child well-being.","For providing any plausible and accurate explanation of the importance of one of the mentioned rights, linking its significance/ importance to a child.",,,954f1e0e-f1e3-4533-9ff8-344e5d07dc1e,21893269-01ee-42bb-aea0-7eb869e08c4a,,,511,,,Understanding Community Rules and Rights,,
Grade 6 — Social Science,9,18,Social Science,6,openEnded,shortAnswer,"Name two famous historical monuments in Rajasthan. For one of them, mention which city it is located in and why it is famous.",1,1,,,For correctly naming any two distinct famous historical monuments in Rajasthan.,For accurately identifying the city where one of the named monuments is located AND providing a plausible reason for its fame/significance.,,,VvuJoUxkeF8nnTHc0LRWE,0cczSPlemdOm1qJHClmMs,,,510,,,Exploring Historical Places and Events,,
Grade 6 — Social Science,10,18,Social Science,6,openEnded,shortAnswer,Name any two important fairs or festivals celebrated in Rajasthan. Describe in one sentence the main attraction or significance of one of them.,1,1,,,For correctly naming any two distinct important fairs or festivals celebrated in Rajasthan.,"For accurately describing, the main attraction or significance of one of the named fairs/festivals.",,,EdD6QVhynFDAUUC4-8lzj,we_w5KqDTHvZJs3kAItqP,,,509,,,Appreciating Rajasthan's Culture and History,,
Grade 6 — Social Science,11,18,Social Science,6,openEnded,shortAnswer,Why is it important to follow traffic rules? Give two reasons. How does following these rules help the entire community to function smoothly?,1,1,,,For providing two distinct and plausible reasons why following traffic rules is important. Accept any two valid and logical reasons that demonstrate an understanding of the necessity of rules on the road,For providing a clear and sensible explanation of how following these rules helps the entire community to function smoothly. Accept any valid and logical explanation that links traffic rule adherence to broader community benefits,,,bTYYDsgF3JsTfpo4bmVwr,t0zdhyWE2gPcybZK2BrpA,,,511,,,Understanding Community Rules and Rights,,
Grade 6 — Social Science,12,18,Social Science,6,openEnded,shortAnswer,Why are lions shown on Indian currency notes? Explain,1,1,,,Correctly identifies that the lions are from the Lion Capital of Ashoka and that this is India's National Emblem,"Explains the significance of the symbol, mentioning at least two of its core meanings, such as power, courage, pride, or its connection to India's historical heritage from the Mauryan Empire",,,CZcZL0zp_-D28v9EtQapW,ThsYD1CisQ0RAqCZj5yDL,,,536,,,Appreciating India's Cultural and Historical Heritage,,
Grade 7 — English,1,3,English,7,openEnded,shortAnswer,What were the three questions the king wanted to answer?,1,,,,"The king wanted to answer (based on the reading passage) the right time to do everything, the right thing to do, and the right people to work with.",,,,VoOMq3syTgNZi8d0z20xw,,,,1,,,Reading Comprehension,,
Grade 7 — English,2,3,English,7,openEnded,shortAnswer,Why did the king announce a reward?,1,,,,"Provides the correct reason (e.g., to find someone who could answer his three questions). or any similar reason.",,,,UmmfCdwGZU4XgUEHK8KzU,,,,1,,,Reading Comprehension,,
Grade 7 — English,3,3,English,7,openEnded,shortAnswer,Why the king felt he would never fail if he knew the answers to his questions? Explain in 2-3 sentences.,1,,,,"The king wanted to answer (based on the reading passage) the right time to do everything, the right thing to do, and the right people to work with. Any valid reason.",,,,yFKnt5KZ_-6Yv3uiqslt2,,,,1,,,Reading Comprehension,,
Grade 7 — English,4,3,English,7,openEnded,shortAnswer,Do you think the king's questions are important in real life? Give one reason.,1,,,,"The king wanted to answer (based on the reading passage) the right time to do everything, the right thing to do, and the right people to work with.  Any valid reason.",,,,_CQpJB5faaJOWV3XKc5bQ,,,,1,525,,Reading Comprehension,Writing Clear and Organized Ideas,
Grade 7 — English,5,3,English,7,openEnded,shortAnswer,How is the squirrel's tail described in the poem?,1,1,,,"Accurately identifies the tail as having a ""question mark"" shape or other similar acceptable answer.","Accurately describes the tail as ""round and tight like a curl"" or other similar acceptable answer.",,,sbbA3S6SOfiuN9SmCU6LK,6303812f-e810-43cf-a34a-d9f8aba8fdaa,,,526,,,Understanding Stories and Poems,,
Grade 7 — English,6,3,English,7,openEnded,shortAnswer,Describes the poet’s writing style.,1,1,,,"Identifies a suitable and relevant word describing the writing style (e.g., simple, descriptive, informal, direct) or other appropriate word.","Identifies a more precise or insightful word that captures the essence of the style (e.g., narrative, playful, concise) or other",,,VQHLwGiMJIGYqQcRKOR9X,1281a77e-872a-4974-9043-89bb47c724cc,,,526,525,,Understanding Stories and Poems,Writing Clear and Organized Ideas,
Grade 7 — English,7,3,English,7,openEnded,shortAnswer,"""We ran around."" The word ""around"" is used as which part of speech?",1,,,,"Correctly identifies ""around"" as an adverb.",,,,cN5h3_hfAdTXdmcEj0PH6,,,,524,,,Building Correct Sentences and Using Proper Grammar,,
Grade 7 — English,8,3,English,7,multipleChoice,tickmark,She _______ (live) in this city since 2010.,1,,,,Uses the correct verb form 'goes' (present simple tense),,,,IEnWTkTDmBCdikO2eN5dr,,,,524,,,Building Correct Sentences and Using Proper Grammar,,
Grade 7 — English,9,3,English,7,multipleChoice,tickmark,"By next week, I _______ (complete) my science project.",,,,,,,,,,,,,524,,,Building Correct Sentences and Using Proper Grammar,,
Grade 7 — English,10,3,English,7,openEnded,shortAnswer,"Change the sentence to indirect speech: She said, ""I am reading a novel.""",1,,,,Correctly converts to: 'She said that she was reading a novel.' (Other minor variations with correct tense are also accepted.),,,,k5FuHcRHbo48BRud_46Lk,,,,524,,,Building Correct Sentences and Using Proper Grammar,,
Grade 7 — English,11,3,English,7,openEnded,shortAnswer,Identify the adjective phrase in the sentence:\nA tiny bird built its nest in our balcony.,1,,,,"The student correctly identifies ""tiny"" as an adjective.",,,,sr2RUzCTexrqs6Ou2nzn1,,,,524,,,Building Correct Sentences and Using Proper Grammar,,
Grade 7 — English,12,3,English,7,openEnded,shortAnswer,Change the following sentence from Active Voice to Passive Voice:\nThe wind blew the leaves away.,1,,,,"The student correctly transforms the sentence into passive voice: ""The leaves were blown away by the wind.""",,,,bxxUyRE8CNcd6-OFzcyYF,,,,524,,,Building Correct Sentences and Using Proper Grammar,,
Grade 7 — English,13,3,English,7,openEnded,shortAnswer,"Rewrite the whole sentence with appropriate articles (a, an, the):\nI saw _______ elephant and _______ tiger at _______ zoo.",1,,,,"Student rewrites the entire sentence correctly, with all articles placed properly (an elephant, a tiger, the zoo).",,,,DLvtJGa7emv4nyBcGcuMV,,,,524,,,Building Correct Sentences and Using Proper Grammar,,
Grade 7 — English,14,3,English,7,openEnded,shortAnswer,"Write the antonym (opposite word) of the following:\nThe opposite of ""ancient"" is?",1,,,,"The student correctly provides ""modern"" or ""new"" as the antonym for ""ancient.""",,,,jLsvg2MVj2HhjN0dLXRi9,,,,523,,,Vocabulary,,
Grade 7 — English,15,3,English,7,openEnded,shortAnswer,"Write a short paragraph (4-5 sentences) about 'My Favourite Hobby'. Mention what it is, when you do it, and why you enjoy it.",1,1,,,"Student writes a complete paragraph that clearly mentions the hobby, when it is done, and why it is enjoyable.","Sentences are clear, logically connected, and mostly free from grammar, spelling, and punctuation errors, maintaining proper paragraph structure.",,,XqKJI9MDLUhN5qSWUM6By,WWBaljwp4aIn2ayqP1s3z,,,525,,,Writing Clear and Organized Ideas,,
Grade 7 — English,16,3,English,7,openEnded,shortAnswer,"Write a short message to your grandmother, telling her how much you miss her and asking her to visit soon.",1,1,,,Message that clearly express missing grandmother and requesting her to visit soon.,"Sentences are polite, clear, and grammatically correct, with proper message style maintained.",,,qgJtZnUZH5k-IQPCMzYz6,HEsS_jwnJkOV1nGaOlr5w,,,525,,,Writing Clear and Organized Ideas,,
Grade 7 — Maths,1,1,Mathematics,7,openEnded,shortAnswer,Find the value of: `(-3) × (-4)`,1,,,,Correctly multiplies the integers and applies the sign rule (negative × negative = positive) to get the final answer `12`.,,,,CfQWTVWt_U_Cz6EEqvll6,,,,484,,,Understanding and Using Number Properties,,
Grade 7 — Maths,2,1,Mathematics,7,openEnded,shortAnswer,Solve the following equation for `x` : `4x + 2 = 10`,1,,,,"Correctly isolates the variable 'x' through proper algebraic steps (subtracting 2, then dividing by 4) to find the solution `x = 2`.",,,,VGiPDrX79au5QinpjlrVn,,,,489,,,Solving Problems with Algebra (Unknowns),,
Grade 7 — Maths,3,1,Mathematics,7,openEnded,shortAnswer,Find the area of a triangle whose base is `8` cm and height is `6` cm.,1,1,,,States or uses the correct formula for the area of a triangle: `Area = 1/2 × base × height`.,Correctly substitutes the given values into the formula and calculates the final answer with the correct units: `24 cm²`.,,,1ZHh1fT8TZ5O3pQmcqxD-,_yRNuhDBbD-5vo1ZcSYMI,,,486,,,Understanding Shapes and Measurement,,
Grade 7 — Maths,4,1,Mathematics,7,openEnded,shortAnswer,Find the value of: `8 ÷ 7.2`,0.5,0.5,,,"Correctly sets up the division, for instance, by converting it to `80 ÷ 72` to remove the decimal.","Calculates the correct answer, either as a simplified fraction `10/9`, a mixed number `1 1/9`, or a recurring decimal `1.11...`.",,,ZAlBHPhMSGgUZNzT0JIUg,H5kX-Jr8ox036MeCfsjht,,,488,,,Working with Fractions and Decimals,,
Grade 7 — Maths,5,1,Mathematics,7,openEnded,shortAnswer,"How many Rupee `5` coins can be made from `10` coins of `10` paise, `5` coins of `20` paise, and `16` coins of `50` paise?",0.5,0.5,,,Finds total value: 10×0.10=1.00; 5×0.20=1.00; 16×0.50=8.00; total=₹10.00,Finds the number of Rs 5 coins by dividing total Rs 10 by Rs 5: `10/5 = 2`. The correct answer is `2`.,,,oiDXA_jW4Rj4_wMTf92eJ,kBPgLtBt_V7lB0f4v7FRi,,,487,,,Solving Problems with Numbers,,
Grade 7 — Maths,6,1,Mathematics,7,openEnded,shortAnswer,Multiply and express the answer as a mixed fraction: `1 1/2 xx 3 1/4`,1,1,,,Correctly converts both mixed fractions into improper fractions (`3/2` and `13/4`).,Correctly multiplies the improper fractions to get `39/8` and converts the result back into a mixed fraction `4 7/8`.,,,GjsmGC56hQtRWrlbL4kSg,8Si-TfDDE1Zr4_KCP_xjU,,,488,,,Working with Fractions and Decimals,,
Grade 7 — Maths,7,1,Mathematics,7,openEnded,shortAnswer,Which is greater: `1/2` of `3/4` or `2/5` of `2/3`? Show your calculations.,1,1,,,"Correctly calculates both values: `1/2` of `3/4` is `3/8`, and `2/5` of `2/3` is `4/15`.","Correctly compares the two resulting fractions (e.g., by finding a common denominator like 120, where 45/120 > 32/120) and states that `1/2 of 3/4` is greater.",,,-G7S2294tOew7d4Op1VLQ,TYRvaI88PYCQicCPzlNbs,,,488,485,,Working with Fractions and Decimals,Understanding and Ordering Numbers,
Grade 7 — Maths,8,1,Mathematics,7,openEnded,shortAnswer,A car covers a distance of `55` km in `5` liters of petrol. How much distance will it cover in `12` liters of petrol? Find how much mileage (average) the car is giving?,1,1,,,Correctly finds distance for `12` liters: `12 x 11 = 132 km`. The correct answer is `132 km`.,Calculates correct mileage: `55 / 5 = 11 km/liter`. The correct mileage is `11 km/liter`.,,,UGpY6AkE_OK3ZmqntJrpE,BrN9w0N-EMnyjt7P_Ft52,,,487,,,Solving Problems with Numbers,,
Grade 7 — Maths,9,1,Mathematics,7,openEnded,shortAnswer,A bus can travel `10` km on `1` litre of diesel. How far can it travel on `5 3/4` litres of diesel?,1,1,1,,Identifies the correct operation required to solve the problem (multiplication).,Correctly converts the mixed fraction `5 3/4` into an improper fraction (`23/4`) or a decimal (`5.75`).,Performs the calculation (`10 × 23/4` or `10 × 5.75`) and provides the final answer with correct units (`57.5 km`).,,BFIp3t-U3oug4sj_sBfJQ,2BqH3TL7k0S5WgTRWX_-K,-qwVxHFVgHxIMmhFxvT3O,,488,487,,Working with Fractions and Decimals,Solving Problems with Numbers,
Grade 7 — Maths,10,1,Mathematics,7,openEnded,shortAnswer,The perimeter of a rectangle is `32` cm and its length is `10` cm. Find its width and the area of the rectangle.,1,1,,,"Solves for width by setting up `2 x (10 + w) = 32`, finds `w = 6 cm`. The width is `6 cm`.",Finds area by calculating `10 x 6 = 60 cm^2`. The area is `60 cm^2`.,,,yrERLKWn37hYiG25noSVB,_JhVMjgR5eWB6eC1-c0mr,,,486,489,,Understanding Shapes and Measurement,Solving Problems with Algebra (Unknowns),
Grade 7 — Maths,11,1,Mathematics,7,openEnded,shortAnswer,The number of children in six different classes of a school are given below: \n\n(a) Represent this data on a bar graph. Choose an appropriate scale. \n\n(b) Which class has the maximum number of children and which has the minimum?\n,1,1,1,,"For part (a): Correctly draws and labels the X and Y axes, and chooses a suitable and consistent scale for the number of children (e.g., 1 unit = 10 children or 1 unit = 20 children).","For part (a): Draws all bars accurately according to the chosen scale, with uniform width and spacing.",For part (b): Correctly identifies 'Class V' as having the maximum number of children and 'Class X' as having the minimum.,,dRGLfZVLomUJoom4dq7n1,GE79P-4sQydSnl_XK03PJ,kqVwDm3A7TEpKArPKquXS,,490,,,Representing and Interpreting Data,,
Grade 7 — Science,1,2,Science,7,openEnded,shortAnswer,"A patient is suffering from a high fever. What specific type of thermometer would a doctor use to measure their body temperature, and why is it preferred over a laboratory thermometer for this purpose?",0.5,0.5,,,Correctly identifies the thermometer as a 'clinical thermometer'.,For accurately explaining why it's preferred (mentioning the constriction/kink and its function or any other valid reason).,,,Ry-VhId5lclB2kS3sUSyi,j_Mt23LxzucF4VUySB-kc,,,501,,,Measuring Physical Properties,,
Grade 7 — Science,2,2,Science,7,openEnded,shortAnswer,"A steel spoon is placed in a cup of hot tea. After a few minutes, its handle also becomes hot. \n(a) Name the process of heat transfer responsible for this. \n(b) Briefly explain how the heat travels from the part of the spoon in the tea to its handle.",0.5,0.5,,,For (a): Correctly names the process as 'Conduction'.,"For (b): Explains that in solids like steel, heat is transferred from the hotter end to the colder end through the vibration of particles without the particles actually moving from their position.",,,hwiaWf0uQNszfBZIY-cwY,LyihYUvbCby2Um-1oXqcY,,,504,,,Understanding Heat and Its Transfer,,
Grade 7 — Science,3,2,Science,7,openEnded,shortAnswer,Name the green pigment found in plant leaves that is essential for photosynthesis.,1,,,,Correctly names the pigment as Chlorophyll.,,,,QppG8mr2yWR-1vOOJQpGf,,,,535,,,Understanding Living Organisms and Life Processes,,
Grade 7 — Science,4,2,Science,7,openEnded,shortAnswer,People prefer to wear light-coloured cotton clothes during hot summers. Explain this preference by stating two scientific reasons related to the properties of the fabric.,1,1,,,"For stating a plausible reason related to light colors (e.g., they don't get as hot, they bounce off the sun's heat, they don't take in much heat).","For stating a plausible reason related to cotton fabric (e.g., it lets air in, it soaks up sweat, it helps sweat dry faster, it feels cool).",,,pkdxAIR4SlLa67RUM1L_G,AnpR7nGNK6Y9i0boRqh8J,,,497,,,Understanding how materials and weather affect us,,
Grade 7 — Science,5,2,Science,7,openEnded,shortAnswer,Differentiate between autotrophic and heterotrophic modes of nutrition. Provide one example for each.,1,0.5,0.5,,"Correctly defines or distinguishes the two modes (autotrophs make their own food, heterotrophs depend on others for food).","Provides a correct example for autotrophs (e.g., green plants, algae).","Provides a correct example for heterotrophs (e.g., humans, animals, fungi).",,ZPsHNUwIH-b3XHP79AtcH,TI5e2Or7jzsrxFJRF1cG4,gqr95g6uwMBeiFP9HsSoj,,535,,,Understanding Living Organisms and Life Processes,,
Grade 7 — Science,6,2,Science,7,openEnded,shortAnswer,"Why is the digestive system of a ruminant, like a cow, different from that of a human? Mention one key difference related to their diet.",1,1,,,For explaining that ruminants (like cows) have a special/multiple stomachs/digestive sections (or specifically mentioning the rumen).,"For explaining that this difference is important because they eat tough plant material/grass/cellulose, which needs a special way to be digested that humans don't have.",,,o7OaQM51U_dI8qW0An8-6,aFeG3Wf9aHSMc1imjCS5v,,,535,,,Understanding Living Organisms and Life Processes,,
Grade 7 — Science,7,2,Science,7,openEnded,shortAnswer,A farmer notices that his crops are experiencing stunted growth and yellowing of leaves. Soil analysis reveals a nutrient deficiency. What steps a farmer shall take to address this issue?,1,1,,,"Recommend addition of fertilizers/manures rich in the lacking nutrient. Mention any correct essential nutrient like `nitrogen`, `phosphorus`, or `potassium`.","Mention supplementary measures: ensuring adequate watering, using organic manure, or methods for soil enrichment.",,,0lbx_t0fEWEzZwKnuu34n,Wuqc4I9o8yWnildrGwVmh,,,506,,,Ensuring Healthy Plant Growth and Food Safety,,
Grade 7 — Science,8,2,Science,7,openEnded,shortAnswer,"You are given a bottle filled with liquid, turmeric powder and hibiscus flower extract. How will you determine that liquid is acid or base using these materials?",1,1,,,"Describe how to use turmeric powder as an indicator (red for base, yellow for acid/neutral). Award for alternative but scientifically correct color observations as well.","Describe how to use hibiscus extract as an indicator (pink/red for acid, green for base). Award for any correct application of natural indicators.",,,lFHH0zsX08ygtwKWxvDwf,nfT7zRQwnSBYS3_d4xGiX,,,500,,,Understanding Properties and Changes of Materials,,
Grade 7 — Science,9,2,Science,7,openEnded,shortAnswer,You find a pitcher plant that has a trap-like structure. \n(a) What is the special mode of nutrition for this plant? \n(b) This plant is green and can perform photosynthesis. Why does it still need to trap insects? \n(c) Give another example of such a plant.,1,1,1,,For (a): Correctly identifies the mode of nutrition as 'insectivorous'.,"For (b): Explains that the plant traps insects to fulfill its nitrogen requirement, as it typically grows in soil that is deficient in nitrogen.","For (c): Gives another valid example, such as Venus flytrap.",,BvQ46B258s4ei2PZB8Dbr,eGrjDyeYooHQfl1la59K5,iyb6IGjq6nKGIdO5YqOWb,,535,,,Understanding Living Organisms and Life Processes,,
Grade 7 — Science,10,2,Science,7,openEnded,shortAnswer,In our daily life we treat Wasp string with vinegar and bee string with baking Soda. Which principle of chemistry is involved in it? Explain.,1,1,,,"For identifying the chemical principle involved as neutralization (or acid-base reaction, or using opposites to cancel out).","For explaining that a wasp sting is basic/alkaline and is treated with vinegar (an acid), AND that a bee sting is acidic and is treated with baking soda (a base/alkaline), thereby showing how the principle is applied to relieve the sting.",,,sK8Lm6Sdbuiv2tshP7K2y,26b653da-7303-4e8d-80e5-b73c796aa1a5,,,502,,,Applying Science to Everyday Life,,
Grade 7 — Science,11,2,Science,7,openEnded,shortAnswer,"A student observed the time taken by three different liquids to evaporate completely under the same conditions. The data is shown in the table below: (a) Which liquid evaporates the fastest?  (b) Based on the data, explain why Liquid C (Salt Solution) takes the longest time to evaporate compared to Liquid B (Water).",1,0.5,0.5,,For (a): Correctly identifies Liquid A or Petrol as the fastest evaporating liquid based on the shortest time.,For (b): Identifies that the presence of salt is the reason for the slower evaporation of Liquid C.,"For (b): Provides a clear scientific explanation, stating that dissolved impurities like salt reduce the rate of evaporation (e.g., by lowering the vapour pressure or because salt particles occupy surface space, hindering water molecules from escaping).",,KmbLd-ytKy8pbZpBPfftz,BbD0JQlcZq2WKIMmaQH92,7qMdOrNHqei5k6AtX3SZ5,,500,,,Understanding Properties and Changes of Materials,,
Grade 7 — Social Science,1,18,Social Science,7,openEnded,shortAnswer,Explain the importance of dates in the study of history.,1,,,,"For clearly stating that dates are important because they tell when events happened, or help to put events in order/sequence, or help us understand the time frame of history.",,,,4lsCWztJaWqw4QggSJ6Ui,,,,517,,,Understanding Early Civilizations,,
Grade 7 — Social Science,2,18,Social Science,7,openEnded,shortAnswer,Define 'human environment' and give one example of how humans modify the natural environment.,0.5,0.5,,,"Provides a correct definition of human environment (e.g., the environment created by human beings for their needs, including interactions, activities, and creations).","Gives a valid example of modification (e.g., building dams, constructing roads, farming land).",,,s4Ygac55VccgFrLlUmnXC,wDt9QyJRb1LG3GVQtBkVy,,,518,,,Understanding Natural Environment & Resources,,
Grade 7 — Social Science,3,18,Social Science,7,openEnded,shortAnswer,"Explain the concept of equality as guaranteed in the Indian Constitution, using an example from daily life.",1,,,,Awarded if the student provides either a basic and correct explanation of the concept of equality OR a clear and relevant daily life example that demonstrates this principle.,,,,89286ad6-d6f9-4a60-bd04-17842543b808,,,,516,,,Understanding Constitutional Rights & Duties,,
Grade 7 — Social Science,4,18,Social Science,7,openEnded,shortAnswer,Suggest ways to improve transparency in governance.,1,,,,Awarded for suggesting any one plausible and relevant way to improve transparency in governance,,,,p5fBZZAZsB6NIbJErT4fa,,,,538,,,Understanding Local governance,,
Grade 7 — Social Science,5,18,Social Science,7,openEnded,shortAnswer,Explain the rock cycle by describing how igneous rocks transform into sedimentary rocks.,1,1,,,For explaining that igneous rocks break down into smaller pieces/sediments (due to weathering) and are then moved (by erosion/transport).,For explaining that these smaller pieces/sediments then settle (deposit) and get pressed/stuck together to form sedimentary rocks.,,,1220205b-67a4-4f34-93f7-bdd8aa97c32d,2fce95bc-9eac-45fc-b42f-08a8d530211a,,,518,,,Understanding Natural Environment & Resources,,
Grade 7 — Social Science,6,18,Social Science,7,openEnded,shortAnswer,Explain the significance of the Himalayas to the Indian subcontinent by stating any two points.,1,1,,,For stating one distinct and plausible point highlighting a significant impact or role of the Himalayas for the Indian subcontinent,For stating a second distinct and plausible point highlighting another significant impact or role of the Himalayas for the Indian subcontinent.,,,f59d3478-54e0-4404-a40d-7aa804d5ed7c,0f73c743-6aba-46ea-b988-41ce32d32776,,,518,,,Understanding Natural Environment & Resources,,
Grade 7 — Social Science,7,18,Social Science,7,openEnded,shortAnswer,Analyze role of money in economic development. Evaluate use of digital money today.,1,1,,,The answer correctly identifies and explains at least one significant role of money in economic development.,The answer provides a relevant evaluation (positive or negative impact) of the use of digital money today.,,,7Q1w_QSA7fqxmZZxi3-uO,Z2yQgHw9yLzApCwokEa4W,,,537,,,Understanding Economic Development,,
Grade 7 — Social Science,8,18,Social Science,7,openEnded,shortAnswer,What are the main occupations of people in the rural areas of Rajasthan? Describe any one in brief.,1,1,,,"Names at least two main occupations correctly (e.g., Agriculture/farming, Animal Husbandry/pastoralism, handicrafts).","Provides a brief, accurate description of one of the named occupations (e.g., 'For Agriculture, they grow crops like bajra and jowar which require less water,' OR 'For Animal Husbandry, they rear sheep, goats, and camels for milk, wool, and transport').",,,yXE50SBPYLYYNDFyh_cmT,G2YUqN3Q18A-u0aVlP2xL,,,515,,,Exploring Livelihoods in Our Region,,
Grade 7 — Social Science,9,18,Social Science,7,openEnded,shortAnswer,Assess the impact of wars on the economic life of kingdoms,1,1,,,For clearly identifying one distinct and plausible economic impact of wars on kingdoms.,"For clearly identifying a second distinct and plausible economic impact of wars on kingdoms, different from the first point.",,,P431-iXdF6LZVJCuBGOcu,c4c8a038-2c6b-49a7-89ee-fb5b0e445cc3,,,517,,,Understanding Early Civilizations,,
Grade 7 — Social Science,10,18,Social Science,7,openEnded,shortAnswer,"Explain the significance of Ashoka's reign in Indian history, mentioning at least two key aspects of his rule.",1,1,1,,"For accurately explaining the overall significance/impact of Ashoka's reign in Indian history (e.g., transformation of kingship, ethical governance, religious impact).","For clearly identifying and explaining the first key aspect of his rule (e.g., Kalinga War & Dhamma, specific welfare measures, etc).","For clearly identifying and explaining the second key aspect of his rule (e.g., patronage/spread of Buddhism, Rock/Pillar Edicts, empire building, etc).",,37yJw3E1FxQ9qdDtlD1Dm,YKrG3vUQWz2_AMnaUBrrX,rdcGQqH9mV--kaMerWT0T,,517,,,Understanding Early Civilizations,,
Grade 7 — Social Science,11,18,Social Science,7,openEnded,shortAnswer,"Evaluate the key differences between public and private healthcare services in India, providing one valid argument or example for each.",1,1,1,,"Mentions two features of public healthcare (e.g., government-run, affordable, wide reach, but often overcrowded/limited facilities, etc).","Mentions two features of private healthcare (e.g., better facilities, faster service, but expensive and limited to those who can pay, etc).","Provides one valid example or comparison (e.g., government hospitals vs private hospitals, cost difference, rural vs urban access).",,4RSiJsT8fH52fcWCiHkUv,_89wbS9Z2lo3uFjD5R2Wu,1S27JmFbf2WYrBQ3z00PY,,522,,,Analyzing Social Change & Justice,,
Grade 8 — English,1,3,English,8,openEnded,shortAnswer,How did the sky look during the sunset?,1,,,,"States that the sky was painted in shades of orange and pink, or similar description capturing both colors.",,,,2CxX82_EbX5nSEKshZ5Ul,,,,1,,,Reading Comprehension,,
Grade 8 — English,2,3,English,8,openEnded,shortAnswer,What sounds could be heard in the scene?,1,,,,Mentions hearing the sound of birds returning to their nests or similar phrase indicating bird sounds in the context of sunset.,,,,7kufGzccH7Hmi5s__e4UJ,,,,1,,,Reading Comprehension,,
Grade 8 — English,3,3,English,8,openEnded,shortAnswer,What did drawing mean to Anika?,1,,,,"States that drawing was more than a hobby for Anika and describes it as her way of expressing her thoughts and feelings, or conveys both ideas clearly.",,,,yUl-Z8NUzXC8xVhdMaYyd,,,,1,,,Reading Comprehension,,
Grade 8 — English,4,3,English,8,openEnded,shortAnswer,"Find a word from the passage that means ""a light wind"".",1,,,,Writes 'breeze' as the word from the passage that means 'a light wind'.,,,,7lJZ9_FcrHDNFWQ2uu-ov,,,,523,1,,Vocabulary,Reading Comprehension,
Grade 8 — English,5,3,English,8,openEnded,shortAnswer,"Write a theme or central idea of the poem ""The Last Bargain.""",1,1,,,"Identifies that the theme involves happiness/freedom not being purchased with power, wealth, or pride.",Mentions simplicity or innocence as sources of happiness/freedom or gives the example of a child granting the bargain freely.,,,q1XI31OlYMk9-eYS1fnlZ,ukDFxxu2fUwu1bVHY5a5K,,,526,,,Understanding Stories and Poems,,
Grade 8 — English,6,3,English,8,openEnded,shortAnswer,Define fable.,1,,,,Defines fable as a short story that typically uses animals as characters and imparts a moral lesson.,,,,UFHpeDivovepLWKi3UNTy,,,,526,,,Understanding Stories and Poems,,
Grade 8 — English,7,3,English,8,openEnded,shortAnswer,"Write rhyming words from the stanza:\n\nHim shelter from rain,\nAnd a mouthful of grain,\nHe wished only to borrow,\nHe had repay it tomorrow.",1,1,,,Correctly pairs 'rain' with 'grain' as rhyming words from the stanza.,Correctly pairs 'borrow' with 'tomorrow' as rhyming words from the stanza.,,,sx6Fi0KbjaXknyVYsFoa4,WopVDFdGTLhGF_9xZuTLC,,,526,,,Understanding Stories and Poems,,
Grade 8 — English,8,3,English,8,openEnded,shortAnswer,Rewrite in passive voice:\nA. The chef prepared a delicious meal.\nB. The king has found the true Successor.,1,1,,,Converts sentence A to correct passive: 'A delicious meal was prepared by the chef.',Converts sentence B to correct passive: 'The true successor has been found by the king.',,,bSPj9kDbmJyqYpuWM1Db0,79fGXLHJfURKG3EI450gu,,,524,,,Building Correct Sentences and Using Proper Grammar,,
Grade 8 — English,9,3,English,8,openEnded,shortAnswer,"Give the synonyms and the antonyms of the word ""quiet"":\n1. Synonym:\n2. Antonym:",1,1,,,"Gives an appropriate synonym for 'quiet' (e.g. silent, calm, peaceful, still).","Gives an appropriate antonym for 'quiet' (e.g. noisy, loud, boisterous).",,,jv21VLkNXr1Ewt04SM9zb,9XOF68IVgB0k70X8Nl50r,,,523,,,Vocabulary,,
Grade 8 — English,10,3,English,8,openEnded,shortAnswer,Rewrite the following sentence using 'too...to':\nHe is very weak. He cannot walk.,1,,,,"The student correctly rewrites the sentence as: ""He is too weak to walk.""",,,,cR-9I2Hh2eeTEZuduRYWc,,,,524,,,Building Correct Sentences and Using Proper Grammar,,
Grade 8 — English,11,3,English,8,openEnded,shortAnswer,"Write a short descriptive paragraph about 'The Oldest Tree in My Village/Town'. Focus on its appearance, history (if known), and what it means to the community. (5-6 sentences)",1,1,,,"Paragraph describing the tree’s appearance, history (if known), and its importance to the community.",Proper sentences but be lenient in checking grammer.,,,g9WKc3hr_pgcBpNW5h55P,wQSnlNuOGN8GN6vsHVfWn,,,525,523,,Writing Clear and Organized Ideas,Vocabulary,
Grade 8 — English,12,3,English,8,openEnded,shortAnswer,Write a story or paragraph based on images given.,1,1,1,1,Describes how the fox fell into the well and could not escape.,Mentions the goat approaching and asking if the water is sweet; any variation like expressing the goat’s curiosity about the well.,Tells how the fox tricked the goat by praising the water’s sweetness and tempting the goat to jump in; any valid tempting explanation.,Narrates how the fox uses the goat to escape and leaves the goat inside; explicitly describes fox climbing out on the goat’s back and advising goat to escape on its own.,OER2JawAbbgF4x7hzsdBk,m6QAB2JSTc6KXV_n9CcCH,ANYYUOPVB7eYNdyYUQCXx,7m19giGOxMeiVo-agwRyG,525,526,,Writing Clear and Organized Ideas,Understanding Stories and Poems,
Grade 8 — Maths,1,1,Mathematics,8,openEnded,shortAnswer,Find the value of `y` in the equation: `y + 9 = 4`,1,,,,Correctly solves the equation to find `y = -5`.,,,,lojatMUXGgOz4cet3fso_,,,,489,,,Solving Problems with Algebra (Unknowns),,
Grade 8 — Maths,2,1,Mathematics,8,openEnded,shortAnswer,Find the product of the binomials: `(3a – 2b)` and `(2a + 3b)`,1,1,,,"Shows correct expansion of the product, e.g., 3a(2a+3b) - 2b(2a+3b) or 6a² + 9ab - 4ab - 6b².",Correctly combines like terms to arrive at the final simplified answer: `6a² + 5ab - 6b²`.,,,eB5cqomE_Hbh0VpK0dFd_,LzEphr6FE5_bvWr16okOI,,,489,,,Solving Problems with Algebra (Unknowns),,
Grade 8 — Maths,3,1,Mathematics,8,openEnded,shortAnswer,"A bag contains 4 black balls and 6 white balls. If one ball is drawn at random from the bag, what is the probability that the ball drawn is black?",1,1,,,Correctly identifies the total number of outcomes (10) and the number of favourable outcomes (4).,Calculates the correct probability as `4/10` or its simplified form `2/5`.,,,wxeI2qwI_V9K612uZjVMO,7GI7LLlcYuV5H2xZsfNAX,,,490,,,Representing and Interpreting Data,,
Grade 8 — Maths,4,1,Mathematics,8,openEnded,shortAnswer,Solve the equation and find the value of x: `(x-5)/3 = (x-3)/5`,1,1,,,Correctly cross-multiplies to form the linear equation: 5(x-5) = 3(x-3).,Correctly solves the equation to find the final answer `x = 8`.,,,OCM9y8ANuLIlqYmKNHpd1,6AfghvLUT8dADeswHFbM4,,,489,,,Solving Problems with Algebra (Unknowns),,
Grade 8 — Maths,5,1,Mathematics,8,openEnded,shortAnswer,"\nUsing the distributive property, find the value of: `{9/16 xx 4/12} + {9/16 xx (-3/9)}`",1,1,,,Correctly applies the distributive property by taking out the common factor: `9/16 * (4/12 + (-3/9))`.,Correctly simplifies the expression inside the bracket `(4/12 - 1/3 = 0)` and computes the final answer as `0`.,,,oiC_5aPIOdBXQJXlzYMEB,EpPzG3NlYbUq-N9lVAlzu,,,484,,,Understanding and Using Number Properties,,
Grade 8 — Maths,6,1,Mathematics,8,openEnded,shortAnswer,"Rahul is 12 years old now, and his father is thrice his age. What will be the age difference between them after 5 years?",1,1,,,Correctly calculates father's current age: 3 × 12 = `36` years,Computes age difference after 5 years and arrives at `24` years,,,DilWex-nzL14gSQnrHYd_,GP-OyzdBNrqFljWdEr6-u,,,487,,,Solving Problems with Numbers,,
Grade 8 — Maths,7,1,Mathematics,8,openEnded,shortAnswer,"You have 300 chocolates and there are 80 Students in your School. What is the minimum number of chocolates required to distribute to all the students in equal quantity? If there are a total of 8 classes and all the classes have same number of students, then how many chocolates did each class get?",1,1,,,Finds how many chocolates per student from 300 chocolates (300 ÷ 80 = 3 remainder 60) and recognises that to distribute equally you need to round up to the next multiple of 80 (320 chocolates).,"Calculates number of students per class correctly (80 ÷ 8 = 10 students per class) and finds correctly how many chocolates each class gets: (320 ÷ 8 classes = 40 chocolates per class, or 10 students × 4 chocolates each). Any equivalent reasoning accepted.",,,d7TfNNECUTlGQc0ACXTbg,NYNFv2o1UjfMd2esQfmyV,,,487,,,Solving Problems with Numbers,,
Grade 8 — Maths,8,1,Mathematics,8,openEnded,shortAnswer,Please find the angles `x` and `y` for point B and C in the given parallelogram.,1,1,,,"Able to find angle x as 110, and give an explanation for it.","Able to find angle y as 70, and give an explanation for it.",,,_0CV12tqkjsf_Sjky10-t,EDSyqH4UTf5kSiWrlVrKy,,,486,,,Understanding Shapes and Measurement,,
Grade 8 — Maths,9,1,Mathematics,8,openEnded,shortAnswer,"A shopkeeper allows a 10% discount on an item with a marked price of ₹ 1200. Even after the discount, he makes a profit of 8%. What was the cost price of the item?",1,1,1,,Correctly calculates the Selling Price (SP) after a 10% discount on the Marked Price (MP) of ₹1200. (SP = ₹1080).,"Correctly uses the profit percentage formula (e.g., SP = CP * (1 + Profit%/100)) to set up an equation to find the Cost Price (CP).",Correctly solves the equation to find the final Cost Price (CP) as `₹1000`.,,XrJi4sz9W-aKQmMtM1YCZ,gFvFOks3F3fO3ucFzL4F1,8c-cInyGXy1VVGsGSfrjc,,487,,,Solving Problems with Numbers,,
Grade 8 — Maths,10,1,Mathematics,8,openEnded,shortAnswer,Find the angle measures `x` and `y` in the following figures.,1,1,,,Correctly finds `x = 80°` and states the reason and calculation.,Correctly finds `y = 60°` and states the reason and calculation.,,,YRP2EdmwKdAoWa-zGa4rV,SatwdHZT3vaQYLP9tM2Ai,,,486,,,Understanding Shapes and Measurement,,
Grade 8 — Science,1,2,Science,8,openEnded,shortAnswer,"What is the most likely cause of changes in bread (green patches on Day 3, darker patches on Day 5)?",1,,,,Correctly identifies the cause as Mould Growth / Fungi / Spoilage by Microorganisms (or similar terminology indicating fungal decay).,,,,bVvntjZLLtwu4RJfQUCL8,,,,535,,,Understanding Living Organisms and Life Processes,,
Grade 8 — Science,2,2,Science,8,openEnded,shortAnswer,Name the microorganism that is helpful in making curd from milk and the category of microorganism it belongs to.,0.5,0.5,,,Correctly names the microorganism (Lactobacillus).,Correctly identifies the category (Bacteria).,,,wYaUbxS4mz5y8lHlWhUdP,mSIt3CC7qQleE-AFY49au,,,535,,,Understanding Living Organisms and Life Processes,,
Grade 8 — Science,3,2,Science,8,openEnded,shortAnswer,"Name the property of metals that allows them to be beaten into thin sheets, such as the aluminium foils used for wrapping food.",1,,,,Correctly identifies the property as Malleability.,,,,uYGstH7nwza91L05_2Uky,,,,500,,,Understanding Properties and Changes of Materials,,
Grade 8 — Science,4,2,Science,8,openEnded,shortAnswer,Which zone of flame is used by Goldsmith? Give reason.,1,1,,,The user says that goldsmith uses the outermost zone (also known as the non-luminous or blue zone) of a flame.,Briefly describes the reason for choosing it.,,,GcAanOWmdK1D7SLHm1nuw,vjQvrtGrjc8AZPT-uyAST,,,504,502,,Understanding Heat and Its Transfer,Applying Science to Everyday Life,
Grade 8 — Science,5,2,Science,8,openEnded,shortAnswer,"Classify the following crops as Kharif or Rabi and mention the season (e.g., rainy, winter) in which they are typically grown: \n(a) Wheat \n(b) Paddy (Rice)",0.5,0.5,0.5,0.5,For (a): Correctly classifies Wheat as a Rabi crop.,For (a): Correctly mentions the season for Wheat (Winter).,For (b): Correctly classifies Paddy/Rice as a Kharif crop.,For (b): Correctly mentions the season for Paddy/Rice (Rainy/Monsoon).,pxrrbIhcM6yRdLHoI-7cg,OYZCJnjD4LPpf_SaLESea,GyUJgYKWMDloR8YPOknio,_5UnOnDODCWZlQ3HzutGu,506,,,Ensuring Healthy Plant Growth and Food Safety,,
Grade 8 — Science,6,2,Science,8,openEnded,shortAnswer,Observe the picture and answer the following questions:\n(a) What is shown in the picture?\n(b) What consequences will be faced when such conditions will be sustained for a long time?,1,1,,,"For (a): The picture shows trees are being cut with, with several trees felled down by an axe. Any sufficient description of such scene is good.","For (b): States what will happen when trees are gone. The environmental impact, etc.",,,xQDZC-aB3AUMxva28k738,Ki95HnunPEHJ6d3S3F_6V,,,518,,,Understanding Natural Environment & Resources,,
Grade 8 — Science,7,2,Science,8,openEnded,shortAnswer,"A gardener has collected waste of plants, vegetables and fruits in a pit. Does gardener notice any change after some days? Give reasons and evaluate if this is beneficial for soil health",0.5,1,0.5,,The user suggests that the gardener will notice significant changes.,Explain what changes the gardener will see and which are the reasons for them.,Explains the points for why it is useful for the soil.,,I1-hnDhwIW7rMN7sYs9-s,6D1Asu47mq2wVkb8IMaaM,X_IIt5v_FdU_CXI25drZ-,,506,535,,Ensuring Healthy Plant Growth and Food Safety,Understanding Living Organisms and Life Processes,
Grade 8 — Science,8,2,Science,8,openEnded,shortAnswer,"What are weeds, and why is their removal (weeding) an important agricultural practice?",1,1,,,Correctly defines weeds as unwanted plants that grow along with the main crop.,"Explains that their removal is important because they compete with the crop for essential resources like sunlight, water, and nutrients, thus reducing the crop's yield.",,,IavdfPTDT0qy8ylESGt00,_Xrnag-HJanMxUo2ytXwP,,,506,,,Ensuring Healthy Plant Growth and Food Safety,,
Grade 8 — Science,9,2,Science,8,openEnded,shortAnswer,"A student sets up an experiment with two pots. Pot 'A' has soil mixed with manure (gobar khaad), and Pot 'B' has soil mixed with a high nitrogen chemical fertilizer like urea. After a month, student shows two plants. Based on your observations of two plants, what specific differences would you expect to see in their growth and overall development? Explain why these differences occurred.",1,1,,,For (a): Correctly predicts that the plant in Pot 'B' (with fertilizer) will likely show faster and taller initial growth compared to Pot 'A'.,For (b): Correctly identifies that using manure (Pot 'A') is better for long-term soil health.,,,fRIbisPLIdp6i3f6gVldH,V0QhokjBzB6ZchQ1XJmW3,,,506,502,,Ensuring Healthy Plant Growth and Food Safety,Applying Science to Everyday Life,
Grade 8 — Science,10,2,Science,8,openEnded,shortAnswer,Describe the process of pasteurization and explain why it is used for preserving milk.,1,1,,,Correctly describes the process: milk is heated to a high temperature (around 70°C) for a short time (15-30 seconds) and then cooled quickly. (Temperature and time duration are not mandatory for students to write),"Explains that this process kills most of the harmful microorganisms present in the milk, preventing it from spoiling quickly.",,,i4xn7GlybujuwXP0inmic,172dIoVgcj0jmgE1__Pjs,,,535,502,,Understanding Living Organisms and Life Processes,Applying Science to Everyday Life,
Grade 8 — Science,11,2,Science,8,openEnded,shortAnswer,The table below shows how different materials expand on heating. \n(a) Which material expands the most on heating? \n(b) Why are gaps left between railway tracks? \n(c) Which metal would you recommend for electrical wires and why?,1,1,1,,Correctly identifying Aluminium as the material that expands the most.,Explaining gaps in railway tracks (to allow expansion and prevent bending).,Correctly recommending Copper for wires with a valid reason (good conductor + moderate expansion).,,Oh0qfO2Ezb6vyEdzebx04,FYhhzki91i5mmixCMDh6r,pLNPLQeR7I9xkm_j0rgUW,,500,504,502,Understanding Properties and Changes of Materials,Understanding Heat and Its Transfer,Applying Science to Everyday Life
Grade 8 — Social Science,1,18,Social Science,8,openEnded,shortAnswer,Name any two Fundamental Rights provided by the Constitution of India.,1,,,,"Awarded if the student correctly names any two distinct fundamental rights of the Indian Constitution, accepting common or simplified phrasing that clearly indicates the core right",,,,disLy8g5Q8tGldNS1kh-1,,,,516,,,Understanding Constitutional Rights & Duties,,
Grade 8 — Social Science,2,18,Social Science,8,openEnded,shortAnswer,Describe one key feature of the Harappan Civilization's urban planning.,1,,,,"Correctly describes one key feature, such as the well-planned grid layout of streets, the advanced drainage system, the use of baked bricks, or the division of the city into a citadel and a lower town.",,,,JSK0iYLb6uxGsBVDx_sbo,,,,517,,,Understanding Early Civilizations,,
Grade 8 — Social Science,3,18,Social Science,8,openEnded,shortAnswer,Name one major factor that influences soil formation.,1,,,,"Correctly names one valid factor, such as parent rock, climate, relief/topography, organisms, or time.",,,,lwK9Q6xkRth1OhzblI539,,,,518,,,Understanding Natural Environment & Resources,,
Grade 8 — Social Science,4,18,Social Science,8,openEnded,shortAnswer,What is the primary role of the Panchayati Raj system in India?,1,,,,"Correctly identifies the primary role as local self-governance at the village or grassroots level, responsible for local administration and development.",,,,i8Xycdd2TlEw9j4wvxU45,,,,538,,,Understanding Local governance,,
Grade 8 — Social Science,5,18,Social Science,8,openEnded,shortAnswer,Explain the importance of biodiversity for sustainable development.,1,1,,,"For explaining that biodiversity provides essential ecosystem services (e.g., clean air/water, pollination, soil fertility, climate regulation) that are fundamental for human well-being and life support.","For explaining that biodiversity offers resources for human needs (e.g., food, medicine, raw materials) and/or contributes to ecosystem resilience/stability, which is crucial for long-term development without depleting resources for future generations.",,,hxrEWfJ-6fJXBqAyKKRtj,9HfVvVX5UyDcatUgAecae,,,518,,,Understanding Natural Environment & Resources,,
Grade 8 — Social Science,6,18,Social Science,8,openEnded,shortAnswer,Identify two factors that contributed to the growth of nationalist sentiment in Europe during the 19th century.,1,1,,,"Identifies and briefly explains one valid factor, such as the spread of ideas from the French Revolution (liberty, equality), the rise of a common culture or language, or the formation of nation-states, etc.","Identifies and briefly explains a second, distinct valid factor.",,,E5MihERNWEqGHGbSkHJn-,tauxteIlKQmGyo5_oH9yS,,,510,,,Exploring Historical Places and Events,,
Grade 8 — Social Science,7,18,Social Science,8,openEnded,shortAnswer,How did the Battle of Plassey in 1757 contribute to the expansion of British power in India?,1,1,,,"For explaining that the victory at Plassey led to the establishment of British political dominance/control over Bengal (e.g., placing Mir Jafar as a puppet nawab).","For explaining that it provided the British with immense economic resources/revenue from Bengal (e.g., for funding troops, trade, and further expansion) AND/OR weakened Indian rulers significantly, paving the way for further territorial annexations and reduced opposition.",,,995cd0eb-df3a-490e-aa5b-8916c2d81478,a08ae31e-f9ce-434e-b262-4b5034b178c7,,,510,,,Exploring Historical Places and Events,,
Grade 8 — Social Science,8,18,Social Science,8,openEnded,shortAnswer,What are the key features of the Indian Constitution?,1,1,,,"Mentions any one correct feature (e.g. Longest Written,  Fundamental Rights, Federalism, Parliamentary Democracy, Secularism, Independent Judiciary, etc).",Mentions a second correct feature from above or anything.,,,NWAaW0qSz3x9L1BPATA2y,srrea5el2fE6cz3AtN78V,,,516,,,Understanding Constitutional Rights & Duties,,
Grade 8 — Social Science,9,18,Social Science,8,openEnded,shortAnswer,Why is a Parliament necessary for a country that follows democracy?,1,1,,,"For explaining that Parliament is necessary because it is the law-making body AND/OR represents the people/their will (i.e., gives citizens a voice).","Mentions its key functions, such as making laws for the country and controlling the government, which are essential for a democracy to function.",,,xANwaetBFOTkuEgmDiov_,Z_IuNogT_uv6QoUZiuJsA,,,521,,,Understanding Democratic Governance,,
Grade 8 — Social Science,10,18,Social Science,8,openEnded,shortAnswer,"Describe the process through which the East India Company, which came to India as traders, eventually became rulers of the territory.",1,1,1,,Mentions that the Company arrived in India as traders or established trading posts/factories.,"Mentions that the Company gained political influence through alliances with local rulers or used military victories (e.g., Plassey).",Mentions that the Company assumed administrative/revenue powers(collected taxes) and became rulers.,,ppkFnwUVfP8dai64PYFPR,W6I0cmEi3nhMDv7tjs2bN,d7ab2cfd-2778-4941-957c-03d48acd053f,,510,,,Exploring Historical Places and Events,,
Grade 8 — Social Science,11,18,Social Science,8,openEnded,shortAnswer,Explain how colonial rule under the British affected the lives of tribal communities in India. Give two distinct examples.,1,1,1,,"For a clear explanation of the general impact of British rule on tribal lives.\n(e.g., Mentioning the disruption of their traditional way of life, loss of control over land and forests, or economic exploitation).","For the first distinct example of a British policy and its effect.\n(e.g., The Forest Acts, which declared forests as state property, restricting tribal access for hunting, gathering, and shifting cultivation).","For a second distinct example of a British policy and its effect.\n(e.g., The introduction of land revenue systems and private ownership, which led to land alienation as tribals were forced into debt and lost their land to moneylenders and traders).",,NGwIQBBUw5ey_S6pQU3de,0BADVZa0Un9RuLjYmc3mV,v8PFLWOUar5MbYwIRjWhM,,510,,,Exploring Historical Places and Events,,
